ip,total_hits,unique_paths,avg_interval,status_4xx,ua_entropy,cluster
103.131.108.158,1,1,,0,10.0,0
106.17.237.226,1,1,,0,21.0,0
108.192.186.188,1,1,,0,17.0,0
109.124.155.24,1,1,,0,27.0,0
11.163.219.77,1,1,,0,25.0,0
111.250.145.56,1,1,,0,21.0,0
115.101.114.121,1,1,,0,17.0,0
116.165.148.219,1,1,,0,27.0,0
116.9.87.244,1,1,,0,17.0,0
118.122.137.65,1,1,,0,25.0,0
118.37.218.68,1,1,,0,17.0,0
119.163.21.192,1,1,,0,27.0,0
120.44.101.233,1,1,,0,10.0,0
120.71.43.34,1,1,,0,21.0,0
121.126.247.164,1,1,,0,10.0,0
121.69.79.93,1,1,,0,17.0,0
122.221.114.120,1,1,,0,27.0,0
123.108.96.174,1,1,,0,10.0,0
124.72.97.24,1,1,,0,17.0,0
125.134.220.153,1,1,,0,17.0,0
127.0.0.1,1,1,,0,9.0,0
128.165.128.72,1,1,,0,25.0,0
128.181.83.82,1,1,,0,25.0,0
129.112.30.183,1,1,,0,21.0,0
13.86.135.31,1,1,,0,17.0,0
13.97.109.142,1,1,,0,21.0,0
131.26.75.110,1,1,,0,21.0,0
134.132.143.3,1,1,,0,21.0,0
134.159.59.175,1,1,,0,21.0,0
135.174.223.250,1,1,,0,21.0,0
137.53.95.199,1,1,,0,10.0,0
138.187.67.201,1,1,,0,17.0,0
139.82.82.93,1,1,,0,25.0,0
140.74.241.175,1,1,,0,27.0,0
149.21.84.185,1,1,,0,25.0,0
150.142.214.74,1,1,,0,17.0,0
150.195.65.26,1,1,,0,27.0,0
151.104.31.63,1,1,,0,21.0,0
152.153.169.32,1,1,,0,25.0,0
152.199.197.68,1,1,,0,27.0,0
152.213.160.121,1,1,,0,25.0,0
153.212.191.185,1,1,,0,21.0,0
155.200.142.246,1,1,,0,10.0,0
157.226.250.9,1,1,,0,27.0,0
158.199.125.200,1,1,,0,10.0,0
16.208.70.211,1,1,,0,10.0,0
161.229.88.93,1,1,,0,25.0,0
161.65.240.25,1,1,,0,27.0,0
163.194.229.246,1,1,,0,10.0,0
166.51.159.16,1,1,,0,10.0,0
167.227.93.63,1,1,,0,10.0,0
168.1.206.221,1,1,,0,17.0,0
168.60.240.99,1,1,,0,21.0,0
169.157.126.80,1,1,,0,21.0,0
17.157.213.95,1,1,,0,17.0,0
17.16.16.123,1,1,,0,21.0,0
17.190.2.33,1,1,,0,21.0,0
170.235.67.132,1,1,,0,21.0,0
172.159.226.96,1,1,,0,21.0,0
177.236.169.81,1,1,,0,25.0,0
177.48.194.40,1,1,,0,25.0,0
178.91.31.19,1,1,,0,25.0,0
18.169.47.20,1,1,,0,21.0,0
180.85.186.147,1,1,,0,27.0,0
181.115.29.205,1,1,,0,10.0,0
181.35.178.213,1,1,,0,25.0,0
182.187.217.39,1,1,,0,25.0,0
185.27.193.197,1,1,,0,25.0,0
187.13.212.98,1,1,,0,21.0,0
187.144.0.11,1,1,,0,25.0,0
187.215.72.104,1,1,,0,27.0,0
187.237.28.43,1,1,,0,27.0,0
19.170.114.229,1,1,,0,17.0,0
191.17.33.8,1,1,,0,10.0,0
192.136.188.146,1,1,,0,17.0,0
192.167.175.18,1,1,,0,25.0,0
193.131.154.210,1,1,,0,10.0,0
195.131.17.205,1,1,,0,21.0,0
195.156.195.147,1,1,,0,10.0,0
195.16.168.173,1,1,,0,21.0,0
199.253.234.82,1,1,,0,25.0,0
20.114.137.6,1,1,,0,25.0,0
200.5.160.74,1,1,,0,25.0,0
201.141.166.200,1,1,,0,21.0,0
201.253.184.40,1,1,,0,10.0,0
201.82.43.223,1,1,,0,21.0,0
205.198.37.3,1,1,,0,21.0,0
206.30.8.152,1,1,,0,21.0,0
207.45.52.140,1,1,,0,17.0,0
208.137.30.217,1,1,,0,21.0,0
208.143.16.127,1,1,,0,17.0,0
21.67.59.144,1,1,,0,21.0,0
213.149.64.223,1,1,,0,27.0,0
214.238.3.36,1,1,,0,21.0,0
218.110.66.43,1,1,,0,10.0,0
218.132.118.142,1,1,,0,17.0,0
218.67.35.34,1,1,,0,21.0,0
22.48.119.25,1,1,,0,21.0,0
22.7.122.99,1,1,,0,10.0,0
23.233.68.157,1,1,,0,17.0,0
23.34.85.253,1,1,,0,27.0,0
24.150.241.126,1,1,,0,17.0,0
3.61.20.9,1,1,,0,27.0,0
3.9.2.102,1,1,,0,21.0,0
31.32.29.30,1,1,,0,10.0,0
31.62.204.200,1,1,,0,25.0,0
32.161.82.101,1,1,,0,25.0,0
33.91.191.223,1,1,,0,27.0,0
33.96.46.102,1,1,,0,27.0,0
39.12.26.47,1,1,,0,27.0,0
43.123.162.61,1,1,,0,25.0,0
43.138.226.100,1,1,,0,21.0,0
48.156.40.124,1,1,,0,25.0,0
49.45.157.25,1,1,,0,27.0,0
51.132.37.120,1,1,,0,25.0,0
53.160.128.115,1,1,,0,21.0,0
53.7.71.171,1,1,,0,27.0,0
55.85.196.230,1,1,,0,17.0,0
56.242.155.215,1,1,,0,27.0,0
56.7.124.219,1,1,,0,27.0,0
59.166.89.170,1,1,,0,25.0,0
61.143.159.70,1,1,,0,21.0,0
62.209.125.16,1,1,,0,10.0,0
63.171.213.53,1,1,,0,27.0,0
65.37.162.105,1,1,,0,25.0,0
66.17.132.24,1,1,,0,27.0,0
68.106.214.243,1,1,,0,10.0,0
69.138.187.81,1,1,,0,25.0,0
69.246.174.24,1,1,,0,10.0,0
7.101.116.92,1,1,,0,10.0,0
71.13.86.161,1,1,,0,21.0,0
72.154.185.13,1,1,,0,10.0,0
75.87.95.248,1,1,,0,21.0,0
77.8.223.0,1,1,,0,27.0,0
78.10.186.111,1,1,,0,10.0,0
78.237.152.209,1,1,,0,10.0,0
80.244.16.134,1,1,,0,25.0,0
83.25.36.33,1,1,,0,17.0,0
87.241.198.197,1,1,,0,21.0,0
88.106.208.192,1,1,,0,27.0,0
89.127.37.105,1,1,,0,10.0,0
89.229.241.166,1,1,,0,10.0,0
9.46.248.47,1,1,,0,21.0,0
90.75.244.156,1,1,,0,17.0,0
92.60.239.93,1,1,,0,25.0,0
93.55.173.146,1,1,,0,17.0,0
94.41.93.142,1,1,,0,27.0,0
95.110.172.101,1,1,,0,21.0,0
97.35.228.249,1,1,,0,25.0,0
97.57.15.184,1,1,,0,21.0,0
99.65.116.100,1,1,,0,27.0,0
